{
    "write_flash_args" : [ "--flash_mode", "dio",
                           "--flash_size", "detect",
                           "--flash_freq", "40m" ],
    "flash_settings" : {
        "flash_mode": "dio",
        "flash_size": "detect",
        "flash_freq": "40m"
    },
    "flash_files" : {
        "0x8000" : "partition_table/partition-table.bin",
        "0xd000" : "ota_data_initial.bin",
        "0xf000" : "phy_multiple_init_data.bin",
        "0x0" : "bootloader/bootloader.bin",
        "0x60000" : "esp-at.bin",
        "0x1e000" : "at_customize.bin",
        "0x25000" : "customized_partitions/server_cert.bin",
        "0x3a000" : "customized_partitions/mqtt_key.bin",
        "0x27000" : "customized_partitions/server_key.bin",
        "0x29000" : "customized_partitions/server_ca.bin",
        "0x2f000" : "customized_partitions/client_ca.bin",
        "0x31000" : "customized_partitions/factory_param.bin",
        "0x1F000" : "customized_partitions/ble_data.bin",
        "0x3c000" : "customized_partitions/mqtt_ca.bin",
        "0x38000" : "customized_partitions/mqtt_cert.bin",
        "0x2b000" : "customized_partitions/client_cert.bin",
        "0x2d000" : "customized_partitions/client_key.bin"
    },
    "partition_table" : { "offset" : "0x8000", "file" : "partition_table/partition-table.bin", "encrypted" : "false" },
    "otadata" : { "offset" : "0xd000", "file" : "ota_data_initial.bin", "encrypted" : "false" },
    "phy" : { "offset" : "0xf000", "file" : "phy_multiple_init_data.bin", "encrypted" : "false" },
    "bootloader" : { "offset" : "0x0", "file" : "bootloader/bootloader.bin", "encrypted" : "false" },
    "app" : { "offset" : "0x60000", "file" : "esp-at.bin", "encrypted" : "false" },
    "at_customize" : { "offset" : "0x1e000", "file" : "at_customize.bin", "encrypted" : "false" },
    "server_cert" : { "offset" : "0x25000", "file" : "customized_partitions/server_cert.bin", "encrypted" : "false" },
    "mqtt_key" : { "offset" : "0x3a000", "file" : "customized_partitions/mqtt_key.bin", "encrypted" : "false" },
    "server_key" : { "offset" : "0x27000", "file" : "customized_partitions/server_key.bin", "encrypted" : "false" },
    "server_ca" : { "offset" : "0x29000", "file" : "customized_partitions/server_ca.bin", "encrypted" : "false" },
    "client_ca" : { "offset" : "0x2f000", "file" : "customized_partitions/client_ca.bin", "encrypted" : "false" },
    "factory_param" : { "offset" : "0x31000", "file" : "customized_partitions/factory_param.bin", "encrypted" : "false" },
    "ble_data" : { "offset" : "0x1F000", "file" : "customized_partitions/ble_data.bin", "encrypted" : "false" },
    "mqtt_ca" : { "offset" : "0x3c000", "file" : "customized_partitions/mqtt_ca.bin", "encrypted" : "false" },
    "mqtt_cert" : { "offset" : "0x38000", "file" : "customized_partitions/mqtt_cert.bin", "encrypted" : "false" },
    "client_cert" : { "offset" : "0x2b000", "file" : "customized_partitions/client_cert.bin", "encrypted" : "false" },
    "client_key" : { "offset" : "0x2d000", "file" : "customized_partitions/client_key.bin", "encrypted" : "false" },
    "extra_esptool_args" : {
        "after"  : "hard_reset",
        "before" : "default_reset",
        "stub"   : true,
        "chip"   : "esp32c3"
    }
}
